{
    "results": {
        "SWLs": [
            0.46,
            0.7418712765,
            0.7418712765,
            0.7418712765,
            0.7418712765,
            0.7418712765,
            0.7418712765,
            0.7418712765,
            0.7418712765,
            0.7418712765
        ],
        "EWLs": [
            0.4428712765,
            0.7041880848,
            0.7041880848,
            0.7110395742,
            0.7178910636,
            0.7325940424,
            0.7110395742,
            0.7076138295,
            0.7076138295,
            0.7041880848
        ],
        "DPs": [
            0.07287127649999997,
            0,
            0,
            0,
            0,
            1.3544653188999998,
            0,
            0,
            0,
            0
        ],
        "SRs": [
            0.09,
            0,
            0,
            0.04,
            0,
            0.6595809406240698,
            0,
            0,
            0,
            0
        ],
        "VWCs": [
            0.4428712765,
            0.42678065745454546,
            0.42678065745454546,
            0.4309330752727273,
            0.4350854930909091,
            0.44399638933333335,
            0.4309330752727273,
            0.42885686636363635,
            0.42885686636363635,
            0.42678065745454546
        ],
        "effIrrig": [
            0,
            0,
            0,
            0,
            0,
            0,
            0,
            0,
            0,
            0
        ],
        "irrigEffic": [
            "nan",
            "nan",
            "nan",
            "nan",
            "nan",
            "nan",
            "nan",
            "nan",
            "nan",
            "nan"
        ],
        "MAD": [
            23.0,
            38.0,
            38.0,
            38.0,
            38.0,
            38.0,
            38.0,
            38.0,
            38.0,
            38.0
        ],
        "FC": [
            0.46,
            0.76,
            0.76,
            0.76,
            0.76,
            0.76,
            0.76,
            0.76,
            0.76,
            0.76
        ],
        "PWP": [
            0.4,
            0.66,
            0.66,
            0.66,
            0.66,
            0.66,
            0.66,
            0.66,
            0.66,
            0.66
        ],
        "Deficit(%)": [
            3.7236355434782604,
            7.343673052631587,
            7.343673052631587,
            6.442161289473689,
            5.540649526315792,
            3.6060470526315758,
            6.442161289473689,
            6.8929171710526385,
            6.8929171710526385,
            7.343673052631587
        ],
        "irrigation activity": [
            0,
            0,
            0,
            0,
            0,
            0,
            0,
            0,
            0,
            0
        ],
        "rain observed": [
            0.09,
            0,
            0,
            0.04,
            0,
            1.4,
            0,
            0,
            0,
            0
        ],
        "forDate": [
            "02/11/2023",
            "02/12/2023",
            "02/13/2023",
            "02/14/2023",
            "02/15/2023",
            "02/16/2023",
            "02/17/2023",
            "02/18/2023",
            "02/19/2023",
            "02/20/2023"
        ]
    }
}